id;identifier_1;identifier_2;identifier_3
1;interactive;Customer invoice;Home Loan Account Cotton bifurcated
2;clear-thinking Cheese;Afghanistan;Versatile Profound circuit
3;Refined Rubber Shirt Tasty Granite Gloves;front-end Implemented grey;withdrawal Personal Loan Account framework
4;withdrawal leading edge parsing;Shoes California Branding;Product Seamless
5;Montana SMTP haptic;Borders Money Market Account;productize Handcrafted ivory
6;Checking Account XML;schemas killer;clear-thinking seamless synthesize
7;Tools back up;impactful;dot-com panel Health
8;SCSI;deposit;synergistic Graphic Interface e-enable
9;Beauty;Chair calculating Automotive;Handcrafted Object-based
10;Handmade quantify Well;synergistic;Personal Loan Account application
